Array length,Heap Sort,Selection Sort
1,2.82E-7,1.9307E-5
10,6.24E-7,4.99E-7
100,4.317E-6,5.115E-6
1000,4.4428E-5,1.88232E-4
10000,5.02065E-4,0.018044633
100000,0.005676217,1.795390132
1000000,0.064198933,175.593524035
10000000,0.72313687,null
