Array length,Heap Sort,Selection Sort
1,8.59E-7,3.418E-6
10,1.0462E-5,9.056E-6
100,1.08995E-4,2.05161E-4
1000,3.65148E-4,0.001569251
10000,0.001984061,0.035510379
100000,0.026257006,3.527663898
1000000,0.558741035,815.288623887
10000000,9.112709349,null
