Array length,Heap Sort,Selection Sort
1,6.61E-7,2.0237E-5
10,6.2E-7,3.88E-7
100,4.518E-6,4.051E-6
1000,4.2797E-5,1.99036E-4
10000,4.63975E-4,0.01625061
100000,0.005414838,1.537995141
1000000,0.063128086,155.420867695
10000000,0.739259727,null
