Array length,Heap Sort,Selection Sort
1,1.9E-7,4.57E-7
10,1.049E-6,4.88E-7
100,5.987E-6,5.204E-6
1000,7.6034E-5,2.97367E-4
10000,8.29108E-4,0.027226485
100000,0.009566663,2.739214748
1000000,0.203563521,274.572805061
10000000,2.413945468,null
