Structure,Put time,Searched words amt,Search time,Searched words amt,Search time,Delete time
Trie,0.030590,45921,0.016682,100000000,2.487529,0.010526
Hash Table,0.032058,45921,0.008182,100000000,5.268449,3.793228
