Structure;Put time;Searched words amt;Search time;Searched words amt;Search time;Delete time
Trie;0.031340;45921;0.017381;100000000;2.433348;0.010961
Hash Table;0.031627;45921;0.007351;100000000;4.869023;3.366578
