Array length,Bucket Sort,Counting Sort,Radix Sort
1,6.78E-7,5.98E-7,6.5E-7
10,7.4E-7,4.39E-7,6.26E-7
100,2.03E-6,7.91E-7,1.136E-6
1000,1.4628E-5,4.363E-6,8.102E-6
10000,9.5943E-5,4.7868E-5,7.934E-5
100000,0.001276055,1.63119E-4,7.98964E-4
1000000,0.030432328,0.005190494,0.007949421
10000000,0.346088852,0.05263552,0.083079593
100000000,2.524472869,0.511286884,0.8130217
