Array length,Bucket Sort,Counting Sort,Radix Sort
1,4.0E-7,4.9E-7,5.8E-7
10,3.33E-7,3.63E-7,6.04E-7
100,7.68E-7,5.48E-7,2.732E-6
1000,5.558E-6,2.789E-6,3.1848E-5
10000,4.9263E-5,2.532E-5,3.86934E-4
100000,5.3823E-4,2.94839E-4,0.004687058
1000000,0.008359959,0.006534476,0.063085558
10000000,0.084355766,0.067304187,0.73250693
100000000,1.324153367,0.674074103,8.139014723
