Array length,Bucket Sort,Counting Sort,Radix Sort
1,1.14414E-4,8.584E-6,3.966E-6
10,3.964E-6,1.7216E-5,3.756E-6
100,1.7131E-5,2.3937E-5,1.8838E-5
1000,1.43108E-4,7.0497E-5,1.7483E-4
10000,0.001115164,5.55484E-4,0.001963696
100000,0.007126693,0.002321331,0.003569037
1000000,0.059239003,0.008121139,0.034315856
10000000,0.292005054,0.060134181,0.245070811
100000000,2.712143398,0.570870443,2.43631408
