Array length,Bucket Sort,Counting Sort,Radix Sort
1,4.25E-7,4.72E-7,2.8E-7
10,3.78E-7,3.46E-7,5.12E-7
100,8.77E-7,6.28E-7,1.908E-6
1000,5.368E-6,3.31E-6,2.3434E-5
10000,4.8819E-5,2.7536E-5,3.09682E-4
100000,5.61691E-4,2.84763E-4,0.003934135
1000000,0.010198165,0.010709406,0.047353787
10000000,0.115998812,0.115865339,0.576189782
100000000,1.718322207,0.629043629,6.497062906
