Array length,Bubble,Insertion,Insert Shift,Insert Binary,Shell,Shell Knuth,Shell Sedgewick
1,2.3E-7,3.6E-7,2.71E-7,2.02E-7,1.16E-7,1.999E-6,1.884E-6
10,4.05E-7,6.54E-7,2.72E-7,2.85E-7,2.91E-7,2.204E-6,3.319E-6
100,9.141E-6,4.439E-6,1.511E-6,6.049E-6,2.228E-6,4.326E-6,6.578E-6
1000,4.0575E-4,8.9545E-5,5.1611E-5,3.05123E-4,2.5223E-5,2.8634E-5,2.9829E-5
10000,0.055210718,0.005221075,0.004503649,0.026240074,3.24024E-4,2.70699E-4,2.66384E-4
100000,8.430507516,0.489629211,0.445653548,2.473076571,0.003568556,0.002907336,0.002834348
1000000,null,null,45.070900649,null,0.041442006,0.031542327,0.031293427
10000000,null,null,null,null,0.472880439,0.342004814,0.35002959
