Array length,Bubble,Insertion,Insert Shift,Insert Binary,Shell,Shell Knuth,Shell Sedgewick
1,2.39E-7,2.88E-7,2.67E-7,1.86E-7,2.35E-7,2.268E-6,1.421E-6
10,3.56E-7,4.73E-7,2.9E-7,2.69E-7,2.97E-7,1.942E-6,3.345E-6
100,3.572E-6,1.979E-6,8.4E-7,1.132E-6,1.854E-6,3.889E-6,6.471E-6
1000,1.15137E-4,1.543E-5,4.353E-6,8.379E-6,2.1814E-5,2.3301E-5,2.4676E-5
10000,0.011008788,3.44269E-4,1.73581E-4,8.28872E-4,4.52427E-4,4.13242E-4,4.27691E-4
100000,1.131503558,0.017312969,0.014045833,0.076603611,0.007395611,0.006381185,0.006459112
1000000,null,null,1.339109276,null,0.101444598,0.093300119,0.087489884
10000000,null,null,null,null,1.393332257,1.258135579,1.131913195
