(N, T),ES1,ES3,ES2
(100, 10),0.009334543,0.001496128,0.009777293
(100, 100),0.009244996,1.75682E-4,0.00752409
(1000, 10),0.022301341,0.014725419,0.494614469
(1000, 1000),0.031925542,0.017071105,0.494520763
(10000, 10),0.125085934,1.202791344,43.033772478
(10000, 10000),0.235901194,0.960956301,47.824086529
(100000, 10),0.419755519,92.705656536
(100000, 100000),1.792729671,95.626757575
