Array length,Bucket Sort,Counting Sort,Radix Sort
1.00001E8,9.851092462,0.958112575,4.230908435
